product_codes,color_code
150247C,9
564143C,9
167592C,9
167593C,9
167830C,9
167911C,9
167915C,9
167708C,9
167709C,9
563456C,9
564982C,9
166324C,9
165907C,9
166804C,9
567685C,9
168293C,9
168279C,9
167819C,9
167804C,9
537081C,9
167596C,10
167642C,10
166709C,10
167629C,10
167937C,10
168133C,10
167706C,10
167701C,10
567992C,10
567991C,10
167058C,10
166809C,10
166813C,10
567105C,10
166745C,10
166741C,10
166849C,10
166827C,10
567723C,12
167826C,12
167702C,12
167910C,12
167854C,12
167622C,12
167647C,12
167644C,12
167061C,12
167971C,12
167068C,12
166853C,12
166726C,12
166824C,12
150249C,6
167812C,6
167072C,6
164950C,6
164945C,6
M9697C,6
M9622C,6
167707C,7
167862C,7
166744C,7
163407C,13
166740C,13
167621C,11
567157C,11
166854C,11
164951C,11
164946C,11
166838C,1
167645C,14
167912C,14
167866C,14
167821C,14
167631C,14
567847C,14
567865C,14
167811C,14
167646C,14
167750C,14
167749C,14
167324C,14
567311C,14
567155C,14
166861C,14
167067C,14
166725C,14
165742C,14
162062C,14
162053C,14
167970C,8
167069C,8
167043C,8
166747C,8
167967C,8
M9696C,8
164949C,8
164944C,8
M9621C,8
167853C,4
167235C,4
167810C,4
167703C,4
167700C,4
567855C,4
167643C,4
162351C,4
167677C,5
167827C,5
166708C,5
167633C,5
167322C,5
567101C,5
566766C,5
167071C,5
167347C,5
167345C,5
164952C,5
164947C,5
167297C,2
162054C,2
162063C,2
166812C,2
166851C,2
166825C,2
167678C,3
564981C,3
567686C,3
167673C,3
167669C,3
167935C,3
167817C,3
167936C,3
167805C,3
537084C,3
167239C,3
164301C,3
563457C,3
560251C,3
167963C,3
164057C,3
566751C,3
166810C,3
167292C,3
167323C,3
567100C,3
166712C,3
167346C,3
167326C,3
166826C,3
167329C,3
565062C,3
164225C,3
161577C,3
162065C,3
162056C,3
M7652C,3
M7650C,3
10020856-A02,9
10019604-A02,9
10018841-A04,9
10018940-A01,9
10017759-A03,9
10019896-A01,9
10018568-A01,9
10019895-A01,9
10020394-A02,9
10018896-A01,9
10018968-A01,9
10018985-A01,9
10018468-A01,9
10018973-A01,9
10018446-A01,9
10017263-A01,9
10017262-A01,9
10017261-A01,9
10008476-A01,9
10017015-A05,9
10007887-A01,9
10008505-A01,9
10007784-A01,9
10008276-A01,9
10018448-A01,9
10018451-A01,9
10017895-A03,9
10008476-A19,10
10019896-A03,10
10017263-A09,10
10018972-A01,10
10018975-A01,10
10019604-A03,12
10018969-A01,6
10018334-A01,13
10007887-A03,11
10018446-A03,1
10018334-A02,1
10018901-A01,14
10018446-A02,14
10000998-A22,14
10001016-A22,14
10018457-A02,14
10018853-A02,3
10020856-A01,3
10020849-A01,3
10019604-A01,3
10018841-A03,3
10018940-A07,3
10017759-A04,3
10019896-A02,3
10018568-A02,3
10019895-A02,3
10020394-A01,3
10018896-A02,3
10017015-A02,3
10008476-A02,3
10007887-A04,3
3J235C,9
3J231C,9
767559C,9
667557C,9
767531C,9
663635C,9
766889C,9
865156C,9
763537C,9
768146C,6
368144C,6
767338C,6
767203C,6
865158C,6
766892C,11
3J236C,8
3J232C,8
866933C,8
767205C,5
865160C,5
3J256C,3
3J253C,3
767560C,3
667558C,3
767899C,3
768147C,3
368145C,3
865157C,3
763536C,3
663634C,3
